Word,Frequency,Rank
a,1044,1
and,784,2
the,740,3
but,487,4
of,480,5
very,373,6
i,329,7
to,306,8
quite,302,9
it,282,10
good,265,11
with,256,12
this,256,13
not,218,14
in,216,15
top,214,16
bit,208,17
is,175,18
touch,154,19
for,150,20
on,149,21
wine,148,22
bare,141,23
that,140,24
more,137,25
at,136,26
rather,130,27
fruit,125,28
fruit.,118,29
nice,112,30
from,104,31
be,102,32
lovely,100,33
some,95,34
than,93,35
still,79,36
really,75,37
good.,74,38
an,72,39
perhaps,72,40
dry,71,41
so,71,42
drinking,68,43
or,68,44
just,68,45
as,66,46
was,65,47
slightly,65,48
has,65,49
seems,64,50
palate.,63,51
fine,62,52
finish.,62,53
wine.,62,54
will,61,55
nose,59,56
nose.,58,57
"dry,",58,58
its,57,59
one,56,60
have,55,61
time,53,62
like,53,63
my,53,64
"fruit,",52,65
bottle,51,66
pretty,50,67
might,50,68
nicely,50,69
rated,49,70
rich,48,71
no,47,72
lovely.,44,73
length.,43,74
too,42,75
needs,42,76
much,42,77
pleasant,41,78
drink,40,79
less,40,80
sweet,39,81
mature,39,82
it's,39,83
well,38,84
probably,38,85
now,38,86
palate,38,87
fairly,37,88
wines,37,89
about,37,90
could,37,91
even,36,92
long.,36,93
old,35,94
up,35,95
little,35,96
acidity,34,97
all,34,98
ripe,34,99
had,33,100
better,33,101
balance,33,102
"nose,",33,103
excellent,33,104
"rich,",33,105
first,32,106
long,32,107
balance.,32,108
decent,31,109
few,31,110
although,31,111
complex,31,112
last,30,113
nice.,30,114
think,29,115
vintage,29,116
out,28,117
too.,28,118
years,27,119
by,27,120
after,26,121
great,26,122
"elegant,",26,123
lot,26,124
i'm,25,125
mineral,25,126
yet,25,127
acidity.,25,128
vintage.,25,129
drinkable.,24,130
what,24,131
over,24,132
been,24,133
pure,24,134
two,24,135
fine.,23,136
fresh,23,137
"fragrant,",23,138
interesting,23,139
almost,23,140
easy,23,141
year,23,142
intense,23,143
while,23,144
"mineral,",22,145
classic,22,146
elegant,22,147
scrapes,22,148
simple,22,149
"good,",21,150
white,21,151
other,21,152
complexity,21,153
forward,21,154
showing,21,155
tannins.,21,156
fragrant,21,157
it.,21,158
time.,20,159
possibly,20,160
weight,20,161
being,20,162
completely,20,163
if,20,164
"pure,",20,165
you,20,166
would,20,167
are,20,168
best,20,169
soft,20,170
oak,20,171
open,19,172
try,19,173
high-toned,19,174
style,19,175
without,19,176
balanced,19,177
"lovely,",19,178
something,19,179
opens,18,180
light,18,181
drinking.,18,182
me,18,183
seem,18,184
attractive,18,185
there,18,186
delicious.,18,187
does,17,188
lacking,17,189
do,17,190
another,17,191
"fresh,",17,192
now.,17,193
young,17,194
find,17,195
"fine,",17,196
improve,17,197
"high-toned,",17,198
least,17,199
again,17,200
"wine,",17,201
years.,16,202
champagne,16,203
say,16,204
way,16,205
minerality,16,206
modern,16,207
couple,16,208
stars,15,209
"complex,",15,210
pinot,15,211
rich.,15,212
slight,15,213
pleasantly,15,214
well.,15,215
sort,15,216
half.,15,217
which,15,218
lots,15,219
age,15,220
odd,15,221
opened,15,222
bottle.,15,223
lacks,15,224
hard,15,225
seemed,15,226
food,14,227
"palate,",14,228
balanced.,14,229
given,14,230
"rounded,",14,231
red,14,232
strawberry,14,233
claret,14,234
elegant.,14,235
may,14,236
towards,14,237
pleasant.,14,238
don't,14,239
raspberry,14,240
intense.,14,241
colour.,14,242
next,14,243
finish,14,244
hint,14,245
intensity,14,246
cherry,14,247
high-toned.,14,248
rounded,14,249
"clean,",14,250
though,14,251
"balanced,",14,252
tannins,14,253
again.,14,254
complex.,13,255
down,13,256
get,13,257
glass,13,258
way.,13,259
clearly,13,260
fruity,13,261
"intense,",13,262
when,13,263
deep,13,264
should,13,265
doesn't,13,266
depth,13,267
concentration.,13,268
made,13,269
this.,13,270
creamy,13,271
past,13,272
off,13,273
concentrated,13,274
wines.,13,275
big,13,276
new,13,277
moderate,13,278
real,13,279
hints,13,280
think.,12,281
dry.,12,282
character,12,283
underlying,12,284
tannic.,12,285
flavours.,12,286
drinkable,12,287
bright,12,288
i'd,12,289
i've,12,290
medium,12,291
"colour,",12,292
thin,12,293
drink.,12,294
texture,12,295
am,12,296
nicely.,12,297
maybe,12,298
enough,12,299
baked,12,300
colour,12,301
end.,11,302
beginning,11,303
tannic,11,304
dull,11,305
then,11,306
only,11,307
oxidised,11,308
isn't,11,309
"long,",11,310
burgundy,11,311
peak.,11,312
feel,11,313
there's,11,314
thought,11,315
"now,",11,316
floral,11,317
round,11,318
often,11,319
quality,11,320
though.,11,321
hope,11,322
come,11,323
"this,",11,324
taste,11,325
fizz,10,326
simple.,10,327
sure,10,328
green,10,329
others,10,330
once,10,331
attractive.,10,332
tending,10,333
going,10,334
won't,10,335
"creamy,",10,336
stuff,10,337
blend,10,338
richer,10,339
complexity.,10,340
perhaps.,10,341
excellent.,10,342
notes,10,343
whether,10,344
corked.,10,345
honied,10,346
mineral.,10,347
cassis,9,348
short,9,349
interesting.,9,350
rustic,9,351
can,9,352
guess,9,353
recent,9,354
previous,9,355
"gamy,",9,356
"refined,",9,357
these,9,358
"yeasty,",9,359
right,9,360
particularly,9,361
evolved,9,362
riesling,9,363
"still,",9,364
delicious,9,365
closed,9,366
fantastic,9,367
edge,9,368
stylish,9,369
"exotic,",9,370
flavours,9,371
lighter,9,372
want,9,373
yeasty,9,374
clean,9,375
two.,9,376
substantial,9,377
drunk,9,378
also,9,379
were,9,380
length,9,381
piquant,9,382
food.,8,383
rate,8,384
"fruity,",8,385
any,8,386
character.,8,387
"nutty,",8,388
sweetness,8,389
richness.,8,390
concentration,8,391
initially,8,392
back,8,393
apples,8,394
returning,8,395
dense,8,396
meaty,8,397
glass.,8,398
enjoyable.,8,399
always,8,400
structure,8,401
"soft,",8,402
"again,",8,403
style.,8,404
worth,8,405
me.,8,406
evening,8,407
together,8,408
need,8,409
"it,",8,410
bottles,8,411
burgundy.,8,412
their,8,413
silky,8,414
coarse,8,415
can't,8,416
tight,8,417
more.,8,418
extra,8,419
tasted,8,420
evident,8,421
bad,7,422
modest,7,423
thing,7,424
gamy,7,425
having,7,426
volatility,7,427
mouth.,7,428
how,7,429
makes,7,430
warm,7,431
"big,",7,432
both,7,433
starting,7,434
fact,7,435
through,7,436
village,7,437
exotic,7,438
texture.,7,439
tar,7,440
savoury,7,441
compared,7,442
vintages,7,443
chocolate,7,444
make,7,445
impressive.,7,446
healthy,7,447
day,7,448
bit.,7,449
honey,7,450
they,7,451
half,7,452
"pleasant,",7,453
different,7,454
concentrated.,7,455
huge,7,456
bitterness,7,457
"ok,",7,458
oak.,7,459
de,7,460
bitter,7,461
nutty,7,462
actually,7,463
"tannins,",7,464
"floral,",7,465
"bright,",7,466
wasn't,7,467
keen,7,468
most,7,469
see,7,470
up.,7,471
be.,7,472
special,7,473
needing,7,474
did,7,475
structure.,7,476
richness,7,477
(i,7,478
"weight,",7,479
end,7,480
indeed.,7,481
later,7,482
early,7,483
bone,6,484
despite,6,485
restrained,6,486
structured,6,487
star,6,488
minerality.,6,489
enough.,6,490
"well,",6,491
flat,6,492
vinous,6,493
cru,6,494
suggests,6,495
classy,6,496
edgy,6,497
splendid,6,498
low,6,499
basic,6,500
quality.,6,501
pleasingly,6,502
air,6,503
st,6,504
classy.,6,505
perfectly,6,506
through.,6,507
out.,6,508
herby,6,509
terroir,6,510
appetising.,6,511
yet.,6,512
oxidised.,6,513
resolved,6,514
"interesting,",6,515
characterful.,6,516
"delicate,",6,517
ago,6,518
flabby,6,519
graceful,6,520
suspect,6,521
fresh.,6,522
class,6,523
"first,",6,524
apple,6,525
sweet.,6,526
austere,6,527
hot,6,528
succulent,6,529
difficult,6,530
botrytis,6,531
interest,6,532
grand,6,533
structured.,6,534
"too,",6,535
give,6,536
because,6,537
used,6,538
sometimes,6,539
keep,6,540
charming,6,541
ultimately,6,542
those,6,543
barolo,6,544
weight.,6,545
label,6,546
soft.,6,547
"balance,",6,548
dark,6,549
before,6,550
same,6,551
age.,6,552
"rustic,",6,553
maturity,6,554
vineyard,6,555
easy-going,6,556
together.,6,557
guess.,6,558
enjoyable,6,559
beyond,5,560
weighty,5,561
"mature,",5,562
apricot,5,563
serious,5,564
tobacco.,5,565
proper,5,566
woody,5,567
"tight,",5,568
cork,5,569
black,5,570
blanc,5,571
"sweet,",5,572
"savoury,",5,573
high,5,574
honeyed,5,575
"smoky,",5,576
mixed,5,577
vanilla,5,578
"peak,",5,579
"however,",5,580
oddly,5,581
improve.,5,582
blackberry,5,583
three,5,584
chocolatey,5,585
"vintage,",5,586
"apples,",5,587
until,5,588
softer,5,589
"drinkable,",5,590
disappointing,5,591
since,5,592
coming,5,593
mouthfilling,5,594
disappointing.,5,595
oxidation.,5,596
purity,5,597
i'll,5,598
fruits.,5,599
minty.,5,600
generally,5,601
beetroot,5,602
stuff.,5,603
haven't,5,604
similar,5,605
maturity.,5,606
fades,5,607
plus,5,608
where,5,609
stinky,5,610
making,5,611
"peachy,",5,612
properly,5,613
note,5,614
lack,5,615
suppose,5,616
young.,5,617
amazing,5,618
forward.,5,619
fat,5,620
made.,5,621
mainly,5,622
strong,5,623
ok,5,624
holding,5,625
remember,5,626
full,5,627
"forward,",5,628
classic.,5,629
"easy,",5,630
feel.,5,631
didn't,5,632
hurry,5,633
varietal,5,634
surely,5,635
firm,5,636
added,5,637
(this,5,638
"attractive,",5,639
notes.,5,640
burgundian,5,641
lightweight,5,642
"earthy,",5,643
old-fashioned,5,644
(a,5,645
show,5,646
appley,5,647
"nice,",5,648
blows,5,649
fruity.,5,650
bags,5,651
"tannic,",5,652
wonder,5,653
brown,5,654
solid,5,655
"grassy,",5,656
drying,5,657
refined,5,658
peachy,5,659
must,5,660
absolute,5,661
easily,5,662
"plummy,",5,663
reasonable,5,664
"bone-dry,",5,665
youthful,4,666
"very,",4,667
great.,4,668
vegetal,4,669
aniseed.,4,670
(as,4,671
love,4,672
highest,4,673
excessive,4,674
long-term,4,675
condition.,4,676
splendid.,4,677
pay,4,678
while.,4,679
above,4,680
expect,4,681
side,4,682
every,4,683
intensity.,4,684
twist,4,685
sure.,4,686
property,4,687
dilute,4,688
middle,4,689
thinking,4,690
producer,4,691
"closed,",4,692
autolytic,4,693
claret.,4,694
each,4,695
straw,4,696
prosecco,4,697
"sherberty,",4,698
peak,4,699
never,4,700
herbs,4,701
obvious,4,702
"acidity,",4,703
orange,4,704
spicy,4,705
poor,4,706
whole,4,707
rush,4,708
"tarry,",4,709
closed.,4,710
roses,4,711
(the,4,712
disgorged,4,713
much.,4,714
"wines,",4,715
memory,4,716
wood,4,717
vibrant,4,718
"meaty,",4,719
lifted,4,720
fizzy,4,721
glorious,4,722
touch.,4,723
things,4,724
keeping,4,725
chardonnay,4,726
entirely,4,727
core,4,728
unlike,4,729
austere.,4,730
aging,4,731
heavy,4,732
brought,4,733
leafy,4,734
standard,4,735
hasn't,4,736
fruits,4,737
(but,4,738
fizz.,4,739
special.,4,740
tarry,4,741
striking,4,742
best.,4,743
"reserved,",4,744
medium-weight,4,745
who,4,746
"richer,",4,747
bread,4,748
stars.,4,749
done,4,750
we,4,751
sense,4,752
hinting,4,753
toned,4,754
into,4,755
improving,4,756
higher,4,757
tightly,4,758
off-dry,4,759
ready,4,760
"leafy,",4,761
cigar,4,762
terribly,4,763
characters,4,764
case,4,765
oily,4,766
longer,4,767
stony,4,768
salty,4,769
gets,4,770
pure.,4,771
curious,4,772
mix,4,773
delicate,4,774
feelings,4,775
background,4,776
hollow,4,777
pleasure,4,778
suspect.,4,779
odd.,4,780
grapes,4,781
individual,4,782
gorgeous.,4,783
smoky,4,784
oxidation,4,785
persistent,4,786
"ripe,",4,787
"weighty,",4,788
dominated,4,789
suave.,4,790
says,4,791
textured.,4,792
alcohol,4,793
lees,4,794
drier,4,795
producer.,4,796
know,4,797
start,4,798
name,4,799
sign,4,800
word,4,801
"lightweight,",4,802
fair,4,803
disjointed,4,804
dumb,4,805
earlier,4,806
impression,4,807
"cherries,",4,808
recently.,4,809
fading,4,810
off.,4,811
primary,4,812
that.,4,813
soon,4,814
evident.,4,815
that's,4,816
"fat,",4,817
effort,4,818
certainly,4,819
producers,4,820
ever,4,821
sort.,4,822
fully,4,823
highly,4,824
further,4,825
"later,",4,826
(some,4,827
opening,4,828
cuvee,4,829
ripe.,4,830
especially,4,831
benefit,4,832
rustic.,4,833
becomes,4,834
"citric,",4,835
corked,4,836
approachable,4,837
softly,4,838
substantial.,4,839
"length,",4,840
hard.,4,841
(perhaps,4,842
"character,",3,843
extravagantly,3,844
touches,3,845
clear,3,846
"chocolate,",3,847
serious.,3,848
samples,3,849
"dilute,",3,850
overly,3,851
awkward,3,852
barrel,3,853
getting,3,854
botrytis.,3,855
winemaking,3,856
pale,3,857
expense,3,858
"baked,",3,859
bodied,3,860
point,3,861
example,3,862
on.,3,863
fills,3,864
rubbery,3,865
judgement,3,866
stunning,3,867
heavily,3,868
wound,3,869
sherry,3,870
toffee,3,871
"mellow,",3,872
"time,",3,873
property.,3,874
however,3,875
none,3,876
mid-palate,3,877
except,3,878
tire,3,879
old-fashioned.,3,880
already,3,881
reds,3,882
citric,3,883
left,3,884
people,3,885
"austere,",3,886
"botrytis,",3,887
"toffee,",3,888
place.,3,889
"round,",3,890
"way,",3,891
moment,3,892
(which,3,893
cabernet,3,894
suggestive,3,895
chateauneuf.,3,896
"kerosene,",3,897
"years,",3,898
usually,3,899
volatile,3,900
understated,3,901
shows,3,902
relatively,3,903
condition,3,904
elegance,3,905
density,3,906
appetizing.,3,907
"silky,",3,908
gives,3,909
smooth,3,910
vanilla.,3,911
meunier,3,912
"lively,",3,913
port,3,914
grip,3,915
nuts,3,916
"yeast,",3,917
feels,3,918
sent,3,919
luscious.,3,920
premature,3,921
cloying,3,922
(from,3,923
reliable,3,924
emerges,3,925
"suave,",3,926
perfect,3,927
partly,3,928
stands,3,929
"concentrated,",3,930
"two,",3,931
older,3,932
lemony,3,933
keeping.,3,934
chardonnay.,3,935
exciting,3,936
edge.,3,937
"herbs,",3,938
apparent,3,939
farmyard,3,940
generous,3,941
pruney,3,942
everything,3,943
overtones,3,944
beautifully,3,945
recall.,3,946
lesser,3,947
goes,3,948
"structured,",3,949
help.,3,950
yes,3,951
"juicy,",3,952
second,3,953
dessert,3,954
pleasing,3,955
opening.,3,956
sign.,3,957
gentle,3,958
"that,",3,959
"scented,",3,960
"open,",3,961
syrah,3,962
acid.,3,963
"out,",3,964
effort.,3,965
are),3,966
rim.,3,967
petrolly,3,968
excited,3,969
class.,3,970
characterful,3,971
evening.,3,972
such,3,973
close,3,974
demi-sec,3,975
provence,3,976
fruitcake,3,977
background.,3,978
gutsy,3,979
engaging,3,980
stunning.,3,981
reductive,3,982
otherwise,3,983
pink,3,984
peach,3,985
mellow,3,986
score,3,987
oddbins,3,988
honeysuckle,3,989
freshness,3,990
"liquorice,",3,991
recently,3,992
usual,3,993
whiff,3,994
spritz.,3,995
reserved.,3,996
stirred.,3,997
somehow,3,998
is.,3,999
curiously,3,1000
certain,3,1001
vegetal.,3,1002
residual,3,1003
maderised,3,1004
absolutely,3,1005
loads,3,1006
grape,3,1007
nectarine,3,1008
higher-toned,3,1009
occasionally,3,1010
complete,3,1011
"light,",3,1012
them,3,1013
soon.,3,1014
reveal,3,1015
bought,3,1016
poured,3,1017
around,3,1018
noticable,3,1019
recall,3,1020
(very,3,1021
follows,3,1022
fascinating,3,1023
intersting,3,1024
problems,3,1025
own,3,1026
"cedary,",3,1027
idea,3,1028
lunch.,3,1029
bottles.,3,1030
"honied,",3,1031
evolved.,3,1032
decide,3,1033
blackcurrant,3,1034
takes,3,1035
car,3,1036
flavour.,3,1037
for.,3,1038
easier,3,1039
maturing,3,1040
anything.,3,1041
fineness,3,1042
sweetness.,3,1043
quickly.,3,1044
"drier,",3,1045
creamy.,3,1046
"be,",3,1047
deeply,3,1048
puligny,3,1049
reveals,3,1050
potential.,3,1051
refined.,3,1052
smoky.,3,1053
rounder,3,1054
five,3,1055
"honey,",3,1056
this:,3,1057
positive,3,1058
"broad,",3,1059
steely,3,1060
still.,3,1061
feeling,3,1062
luscious,3,1063
mushrooms,3,1064
gingery,3,1065
sophisticated,3,1066
"cellar,",3,1067
large,3,1068
extent,3,1069
"opening,",3,1070
days,3,1071
sweeter,3,1072
first.,3,1073
striking.,3,1074
(and,3,1075
leesy,3,1076
cote,3,1077
glasses,3,1078
go,3,1079
grenache,3,1080
dull.,3,1081
overall,3,1082
liquorice,3,1083
champagne.,3,1084
strawberries,3,1085
mid-palate.,3,1086
pichon,3,1087
"burnt,",3,1088
"thing,",3,1089
96.,3,1090
coarse.,3,1091
grassy,3,1092
according,3,1093
off-dry.,3,1094
easy-going.,3,1095
volatile.,3,1096
bottled,3,1097
"tangy,",3,1098
tea,3,1099
drank,3,1100
common,3,1101
old.,3,1102
upstaged,3,1103
present,3,1104
single,3,1105
"gentle,",3,1106
wears,3,1107
tannin.,3,1108
tend,3,1109
become,3,1110
chunky,3,1111
expecting,3,1112
ago.,3,1113
between,3,1114
gummy,3,1115
type.,3,1116
"bottle,",3,1117
clarety,3,1118
worry,3,1119
la,3,1120
there.,3,1121
french,3,1122
(although,3,1123
sit,3,1124
rusticity,3,1125
irony,3,1126
silky.,3,1127
spritzy,3,1128
ought,3,1129
surprisingly,3,1130
limey,3,1131
many,3,1132
influence.,3,1133
fear,2,1134
2000.,2,1135
lost,2,1136
"classy,",2,1137
suave,2,1138
"frothy,",2,1139
tasting,2,1140
attention.,2,1141
"classic,",2,1142
strength,2,1143
nothing,2,1144
"above,",2,1145
decade,2,1146
"possibly,",2,1147
swiss,2,1148
open.,2,1149
"think,",2,1150
flatter,2,1151
phase.,2,1152
"showing,",2,1153
approaching,2,1154
got,2,1155
gluey,2,1156
delineated,2,1157
"full,",2,1158
kept,2,1159
modern-style,2,1160
respectable,2,1161
immediate,2,1162
delightful.,2,1163
dryness,2,1164
statement.,2,1165
admire,2,1166
emilion.,2,1167
chianti,2,1168
stylish.,2,1169
score.,2,1170
reminder,2,1171
tart,2,1172
balancing,2,1173
liquorice.,2,1174
all-round,2,1175
90.,2,1176
(in,2,1177
"taught,",2,1178
leaves,2,1179
fantastic.,2,1180
perfumed.,2,1181
"solid,",2,1182
else,2,1183
simply,2,1184
finishes,2,1185
friends,2,1186
cold,2,1187
reserve,2,1188
"precise,",2,1189
whilst,2,1190
unforthcoming,2,1191
latter,2,1192
flabby.,2,1193
expected,2,1194
"sugar,",2,1195
floral.,2,1196
lightweight.,2,1197
digestible.,2,1198
"really,",2,1199
"old,",2,1200
impressive,2,1201
longer.,2,1202
eight,2,1203
consume.,2,1204
notable,2,1205
company,2,1206
"flavoursome,",2,1207
chablis.,2,1208
wildly,2,1209
unpleasant,2,1210
chalky,2,1211
piquant.,2,1212
flowers.,2,1213
ljm,2,1214
"gutsy,",2,1215
liquor,2,1216
either.,2,1217
over.,2,1218
general,2,1219
overwrought,2,1220
eminently,2,1221
tarry.,2,1222
delight,2,1223
credit,2,1224
"gummy,",2,1225
cream,2,1226
quick,2,1227
"evolved,",2,1228
mothbally,2,1229
"vibrant,",2,1230
corks,2,1231
"stylish,",2,1232
raisiny,2,1233
satisfying,2,1234
style:,2,1235
sunday,2,1236
"blackcurrant,",2,1237
alcohol.,2,1238
course.,2,1239
place,2,1240
vineyard.,2,1241
blend.,2,1242
found,2,1243
let's,2,1244
had.,2,1245
danger,2,1246
keen.,2,1247
hardly,2,1248
somebody,2,1249
hurry.,2,1250
sugar.,2,1251
oaky,2,1252
mint.,2,1253
vines,2,1254
creme,2,1255
northern,2,1256
marked,2,1257
hole,2,1258
tried,2,1259
flattering,2,1260
cloying.,2,1261
"odd,",2,1262
powerful,2,1263
beside,2,1264
super,2,1265
too).,2,1266
noticably,2,1267
(not,2,1268
"succulent,",2,1269
"faded,",2,1270
guy,2,1271
synthetic,2,1272
point.,2,1273
three.,2,1274
delight.,2,1275
gone,2,1276
wouldn't,2,1277
rather.,2,1278
totally,2,1279
following,2,1280
tiring,2,1281
persistent.,2,1282
expected.,2,1283
mouthful,2,1284
"fizz,",2,1285
giving,2,1286
flawed,2,1287
oddity,2,1288
italian,2,1289
"serious,",2,1290
quiet,2,1291
nuts.,2,1292
"fruits,",2,1293
"easy-going,",2,1294
about.,2,1295
subdued,2,1296
96's,2,1297
rest,2,1298
"rounder,",2,1299
moderate.,2,1300
body,2,1301
almond,2,1302
harsh,2,1303
modern-styled.,2,1304
"higher-toned,",2,1305
tempranillo,2,1306
blind,2,1307
box.,2,1308
carries,2,1309
look,2,1310
stock,2,1311
slips,2,1312
mousse,2,1313
final,2,1314
growers,2,1315
chablis,2,1316
emerge.,2,1317
fantastically,2,1318
reservations,2,1319
thing.,2,1320
appetising,2,1321
tokay,2,1322
round.,2,1323
flatness.,2,1324
medicinal.,2,1325
trepidation,2,1326
berry,2,1327
"inky,",2,1328
"appetising,",2,1329
raveneau.,2,1330
decided,2,1331
oaked,2,1332
finding,2,1333
nz,2,1334
beautiful.,2,1335
hours,2,1336
altogether,2,1337
riper.,2,1338
grippy,2,1339
better.,2,1340
liked,2,1341
"glass,",2,1342
soave.,2,1343
(it,2,1344
mainstream,2,1345
australian,2,1346
fascinating.,2,1347
sauvage,2,1348
fresher,2,1349
something.,2,1350
short.,2,1351
well-made,2,1352
not.,2,1353
"clear,",2,1354
dinner.,2,1355
phase,2,1356
form,2,1357
cedary,2,1358
shiraz,2,1359
hand,2,1360
scoff,2,1361
aged,2,1362
"hazelnuts,",2,1363
prestige,2,1364
hit,2,1365
battonage,2,1366
breed,2,1367
"woody,",2,1368
italianate,2,1369
below.,2,1370
"warm,",2,1371
rhone,2,1372
marmalade,2,1373
fino,2,1374
bright.,2,1375
fleshy.,2,1376
"ethereal,",2,1377
signs,2,1378
ahead.,2,1379
coloured,2,1380
chassagne,2,1381
fragrance,2,1382
persuaded,2,1383
"broader,",2,1384
steel.,2,1385
"lean,",2,1386
chassagne.,2,1387
article,2,1388
surprised,2,1389
vibrancy,2,1390
qualities.,2,1391
grapey,2,1392
earthy.,2,1393
cab.,2,1394
kindly,2,1395
dodgy,2,1396
cough-sweet,2,1397
"feel,",2,1398
charred,2,1399
came,2,1400
price.,2,1401
guess),2,1402
weighty.,2,1403
bollinger,2,1404
undemanding,2,1405
"perfumed,",2,1406
soave,2,1407
green-pea,2,1408
somewhat,2,1409
cooked,2,1410
old-wine,2,1411
tang,2,1412
auction,2,1413
specially,2,1414
(well,2,1415
"mouthfilling,",2,1416
underlay.,2,1417
well-balanced,2,1418
shade,2,1419
prefer,2,1420
spirity,2,1421
"pale,",2,1422
however.,2,1423
anywhere,2,1424
2005's,2,1425
"depth,",2,1426
typically,2,1427
air.,2,1428
tone.,2,1429
"bit,",2,1430
savoury.,2,1431
"understated,",2,1432
(no,2,1433
greengage,2,1434
flavoury.,2,1435
bad.,2,1436
sauvignon,2,1437
vintage),2,1438
textured,2,1439
1999.,2,1440
marred,2,1441
moment.,2,1442
"drink,",2,1443
brioche,2,1444
awful,2,1445
almonds,2,1446
trying,2,1447
magnum.,2,1448
guess).,2,1449
overwrought.,2,1450
extravagently,2,1451
interested,2,1452
comparison,2,1453
finesse,2,1454
bitterness.,2,1455
oozes,2,1456
"not,",2,1457
"hard,",2,1458
decanting.,2,1459
rose,2,1460
nicely-textured,2,1461
evolving,2,1462
"acid,",2,1463
light.,2,1464
either,2,1465
with.,2,1466
resolve,2,1467
southern,2,1468
vibrant.,2,1469
demanding,2,1470
doubtless,2,1471
(for,2,1472
nature,2,1473
term,2,1474
youth.,2,1475
reasonably,2,1476
iodine,2,1477
"age,",2,1478
hazelnut,2,1479
couldn't,2,1480
beaujolais.,2,1481
plum,2,1482
spritz,2,1483
"keroseney,",2,1484
cheese,2,1485
considering,2,1486
poised.,2,1487
anything,2,1488
below,2,1489
brilliant.,2,1490
analysis,2,1491
fatness,2,1492
elegantly,2,1493
grip.,2,1494
grapes.,2,1495
oxidative,2,1496
buzz.,2,1497
cellar,2,1498
liquid,2,1499
burgundian.,2,1500
brown-sugar,2,1501
"raspberry,",2,1502
view,2,1503
"extracted,",2,1504
raw,2,1505
midpalate.,2,1506
joy.,2,1507
tired,2,1508
"iron,",2,1509
perhaps).,2,1510
madeira-like.,2,1511
toffeed,2,1512
(almost,2,1513
"up,",2,1514
classically,2,1515
"toffeed,",2,1516
beautifully.,2,1517
becoming,2,1518
decanter.,2,1519
integrated,2,1520
leathery,2,1521
basis,2,1522
"claret,",2,1523
"larger,",2,1524
day.,2,1525
promising.,2,1526
nutty.,2,1527
brambly,2,1528
mousse.,2,1529
grapefruity,2,1530
lemony.,2,1531
seriously,2,1532
big.,2,1533
harsh.,2,1534
rioja,2,1535
everyones,2,1536
source,2,1537
jadot,2,1538
four,2,1539
here,2,1540
expecting.,2,1541
"so,",2,1542
tough,2,1543
going.,2,1544
london,2,1545
package,2,1546
rotie,2,1547
stops,2,1548
nevertheless,2,1549
merit,2,1550
nv,2,1551
intellectual,2,1552
hotel,2,1553
pinots,2,1554
succulent.,2,1555
restaurant,2,1556
etc.,2,1557
falls,2,1558
aiming,2,1559
light-bodied,2,1560
level.,2,1561
bordeaux,2,1562
"cranberry,",2,1563
evenings,2,1564
ready.,2,1565
potentially,2,1566
sickly,2,1567
flashy,2,1568
form.,2,1569
precision,2,1570
inside,2,1571
hadn't,2,1572
riper,2,1573
world,2,1574
"spices,",2,1575
"burgundy,",2,1576
undrinkable,2,1577
"made,",2,1578
(typical,2,1579
poise,2,1580
enigmatic.,2,1581
night,2,1582
reputation,2,1583
"charming,",2,1584
flight.,2,1585
light-to-medium,2,1586
robust,2,1587
typical,2,1588
"caillerets,",2,1589
thin.,2,1590
took,2,1591
"stuff,",2,1592
good:,2,1593
taught.,2,1594
your,2,1595
overtones.,2,1596
way),2,1597
depth.,2,1598
tighter,2,1599
one:,2,1600
difficult.,2,1601
lacking.,2,1602
rhone.,2,1603
beaucastel,2,1604
richer.,2,1605
"oxidised,",2,1606
unforced.,2,1607
evolution,2,1608
astringent,2,1609
within,2,1610
"dense,",2,1611
flat.,2,1612
harder,2,1613
secondary,2,1614
finest,2,1615
vintages.,2,1616
mouthful.,2,1617
pepper,2,1618
lot.,2,1619
leather,2,1620
clarity,2,1621
notably,2,1622
gamy.,2,1623
styled,2,1624
cork.,2,1625
ozzy,2,1626
"beetrooty,",2,1627
overstated.,2,1628
extracted,2,1629
"vegetal,",2,1630
living,2,1631
main,2,1632
extracted.,2,1633
"young,",2,1634
"flat,",2,1635
meaty.,2,1636
volatility.,2,1637
"deep-coloured,",2,1638
dense.,2,1639
down.,2,1640
arrived,2,1641
put,2,1642
afraid,2,1643
sauvignon-like,2,1644
level,2,1645
problem.,2,1646
black-cherry,2,1647
exotic.,2,1648
ridge,2,1649
silky-textured,2,1650
house,2,1651
"animal,",2,1652
smoke,2,1653
grown-up,2,1654
wild,2,1655
mouthfilling.,2,1656
develop,2,1657
gracefully,2,1658
"spicy,",2,1659
away,2,1660
showing.,2,1661
"about,",2,1662
dilutish,2,1663
repay,2,1664
currently,2,1665
1er,2,1666
mosel,2,1667
horrible,2,1668
months,2,1669
definition,2,1670
them.,2,1671
star.,2,1672
barley-sugar,2,1673
noticed,2,1674
traditional,2,1675
future.,2,1676
(that,2,1677
attention,2,1678
ripeness,2,1679
feminine,2,1680
evolve,2,1681
floury,2,1682
small,2,1683
mushroom,2,1684
bone-dry,2,1685
"vanillan,",2,1686
"mouthwatering,",2,1687
sea,2,1688
desert,2,1689
unless,2,1690
warms,2,1691
tobacco,2,1692
overnight,2,1693
"like,",2,1694
developing,2,1695
100%,2,1696
toby,2,1697
"timeless,",2,1698
his,2,1699
summer,2,1700
hours.,2,1701
bay,2,1702
various,2,1703
oloroso,2,1704
(under,2,1705
acid,2,1706
botrytised.,2,1707
faded,2,1708
underneath,2,1709
"lighter,",2,1710
"mushrooms,",2,1711
bringing,2,1712
nebbiolo,2,1713
develops,2,1714
"alcohol,",2,1715
empty,2,1716
burnt,2,1717
"intensity,",2,1718
winery,2,1719
truly,2,1720
money,1,1721
"sherry,",1,1722
"together,",1,1723
(lemon,1,1724
straightforward,1,1725
"bready,",1,1726
"noir,",1,1727
"marmaladey,",1,1728
petrolly.,1,1729
thus,1,1730
"5,",1,1731
sunny,1,1732
"refreshing,",1,1733
scents,1,1734
cubillo,1,1735
it?,1,1736
accompaniment,1,1737
spatlese.,1,1738
honied.,1,1739
pomerol.,1,1740
bubbles.,1,1741
acquaintance,1,1742
"charcterful,",1,1743
discovered,1,1744
chapel,1,1745
reviews,1,1746
"contact,",1,1747
seepage,1,1748
sour,1,1749
"monster,",1,1750
lanolin,1,1751
enjoy.,1,1752
storage,1,1753
aspects,1,1754
sell,1,1755
start.,1,1756
"musar,",1,1757
appeal.,1,1758
monster,1,1759
rough-woody,1,1760
"vanilla,",1,1761
viognier,1,1762
sicky,1,1763
"nervy,",1,1764
sharply,1,1765
d-j,1,1766
thanks,1,1767
"autolytic,",1,1768
delciously,1,1769
strawberry/cherry,1,1770
travel,1,1771
balnced.,1,1772
above.,1,1773
viscous,1,1774
blancs.,1,1775
range,1,1776
edged,1,1777
working,1,1778
eveloved,1,1779
"farmyardy,",1,1780
"berryish,",1,1781
brune,1,1782
excite.,1,1783
"lime,",1,1784
crackers,1,1785
excess.,1,1786
spicy.,1,1787
venoge,1,1788
nahm,1,1789
(going,1,1790
so),1,1791
uninteresting.,1,1792
appearance,1,1793
transition,1,1794
visiting,1,1795
instance.,1,1796
"months,",1,1797
depart,1,1798
complaints,1,1799
quintaine,1,1800
brighter,1,1801
project.,1,1802
"glycerol,",1,1803
rivers.,1,1804
"frizzante,",1,1805
drinkability.,1,1806
gran),1,1807
featureless!,1,1808
velvety,1,1809
dolcetto.,1,1810
downhill,1,1811
"substantial,",1,1812
insubstantial.,1,1813
aperitif.,1,1814
swan.,1,1815
style),1,1816
mean,1,1817
regret,1,1818
ripeness.,1,1819
under-rating,1,1820
disappointed,1,1821
funky).,1,1822
et,1,1823
oozed,1,1824
tears.,1,1825
waitrose,1,1826
(light,1,1827
quarter,1,1828
sherried,1,1829
oxidativeness.,1,1830
supplied,1,1831
garganega,1,1832
steelyness.,1,1833
european-styled,1,1834
"banana,",1,1835
alot,1,1836
example),1,1837
syrah';,1,1838
confirmed,1,1839
universally,1,1840
shown,1,1841
overarching,1,1842
self:,1,1843
highly-wrought,1,1844
marzipan.,1,1845
personally,1,1846
avoiding,1,1847
overt,1,1848
"jammy,",1,1849
drinkability,1,1850
house.,1,1851
californian,1,1852
probalbly,1,1853
gambellara,1,1854
part,1,1855
(nice,1,1856
"hours,",1,1857
combination,1,1858
against,1,1859
mind.,1,1860
digestible,1,1861
stunk,1,1862
old-vine,1,1863
"penetrating,",1,1864
sold,1,1865
moscato,1,1866
develop?,1,1867
merits,1,1868
thousand,1,1869
"event,",1,1870
(sometime,1,1871
till,1,1872
noirs,1,1873
samples.,1,1874
moderately,1,1875
"halves,",1,1876
disappointment,1,1877
mind,1,1878
vt+,1,1879
rounder.,1,1880
attribute,1,1881
year's,1,1882
thinner.,1,1883
"thing""",1,1884
dissolved,1,1885
scribbled,1,1886
tempered,1,1887
modern-style.,1,1888
shorter-term,1,1889
deal,1,1890
raspingly,1,1891
garnacha,1,1892
spicyness,1,1893
tells,1,1894
firmness,1,1895
terroir.,1,1896
non-fruit,1,1897
julien,1,1898
confected.,1,1899
"beetroot,",1,1900
stage,1,1901
"ruit,",1,1902
starts,1,1903
purely,1,1904
"whatever,",1,1905
"""spanish",1,1906
deepening,1,1907
12%,1,1908
accounts,1,1909
medicinally-edged,1,1910
tunina,1,1911
board.),1,1912
jadot's,1,1913
unoaked,1,1914
cherry-like,1,1915
commercial.,1,1916
blushes.,1,1917
massa,1,1918
caramel.,1,1919
mean.,1,1920
gather.,1,1921
gewurz,1,1922
sherberty,1,1923
"leesy,",1,1924
"appeal,",1,1925
spinach,1,1926
cause,1,1927
settle,1,1928
riveting.,1,1929
"tobacco-leaf,",1,1930
(again,1,1931
typicity?,1,1932
"liquoricey,",1,1933
grenachey,1,1934
unpalatable,1,1935
"dull,",1,1936
"say,",1,1937
unozzie,1,1938
should.,1,1939
classification.,1,1940
gargenega,1,1941
h.,1,1942
beaujolais,1,1943
patches,1,1944
(garlic,1,1945
it!).,1,1946
champenoise,1,1947
tanins,1,1948
arresting,1,1949
ideally,1,1950
late).,1,1951
meant,1,1952
mushroomy,1,1953
included,1,1954
"suaver,",1,1955
structure?,1,1956
"poised,",1,1957
cellar.,1,1958
status.,1,1959
"involved,",1,1960
loose,1,1961
matters.,1,1962
cough,1,1963
remote.,1,1964
beans.,1,1965
stunning;,1,1966
delivers,1,1967
barolos,1,1968
xmas,1,1969
influenced,1,1970
caramelly,1,1971
flavoursome.,1,1972
minty,1,1973
turn,1,1974
sells,1,1975
soft-textured,1,1976
zind,1,1977
expressive,1,1978
dissipates,1,1979
vallana,1,1980
benefits,1,1981
"spritz,",1,1982
"market,",1,1983
penfolds,1,1984
"nowadays,",1,1985
p.c.,1,1986
premature-oxidation,1,1987
tondonia,1,1988
"reds,",1,1989
relativel,1,1990
route,1,1991
spot,1,1992
ongoogle,1,1993
rhyming,1,1994
bordeaux.,1,1995
atypical,1,1996
understand,1,1997
mouthwatering.,1,1998
medical,1,1999
'drink,1,2000
reward,1,2001
unexciting,1,2002
unbalanced,1,2003
became,1,2004
characteristics.,1,2005
shrivelled.,1,2006
hardness,1,2007
ages.,1,2008
"petals,",1,2009
e,1,2010
ga,1,2011
trick,1,2012
lafarge,1,2013
barley-sugar.,1,2014
d.l.'s.,1,2015
use,1,2016
course,1,2017
1982.,1,2018
reductiveness,1,2019
deutz.,1,2020
behind,1,2021
piercing,1,2022
"usual,",1,2023
grander,1,2024
fruitiness.,1,2025
blackberries.,1,2026
bordering,1,2027
"richness""",1,2028
pack,1,2029
wine.***,1,2030
"expect,",1,2031
white-pepper,1,2032
"fetid,",1,2033
mouthwatering,1,2034
(quite,1,2035
morning,1,2036
varietoes,1,2037
coarser,1,2038
va,1,2039
ca,1,2040
believe.,1,2041
iron,1,2042
sulphur,1,2043
lihtly,1,2044
advanced,1,2045
intistieti.,1,2046
spicey.,1,2047
bubbles,1,2048
typical.,1,2049
excess,1,2050
caramel/toffee,1,2051
bready,1,2052
leaving,1,2053
asset,1,2054
meatiness,1,2055
lively.,1,2056
rousanne,1,2057
been.,1,2058
contemplatively.,1,2059
beychevelle,1,2060
rasping,1,2061
"a!),",1,2062
"seem,",1,2063
judge,1,2064
"severe,",1,2065
sense.,1,2066
blin,1,2067
"rough,",1,2068
"delightful,",1,2069
corkiness.,1,2070
blow,1,2071
concebtration,1,2072
wrought.,1,2073
(or,1,2074
inky,1,2075
"champagne,",1,2076
big-scaled,1,2077
corked!,1,2078
"international,",1,2079
paint-stripper,1,2080
quaffable.,1,2081
elagent,1,2082
attack,1,2083
timeless,1,2084
flavoury,1,2085
flavoured,1,2086
minutes,1,2087
"honeyed,",1,2088
"relegated,",1,2089
"dumb,",1,2090
possess.,1,2091
clean.,1,2092
crantock,1,2093
taking,1,2094
estery,1,2095
onion,1,2096
"zing,",1,2097
tannins),1,2098
dribbling,1,2099
"bdn,",1,2100
plenty,1,2101
rhones.,1,2102
"gentaz,",1,2103
taut.,1,2104
issan,1,2105
proudly,1,2106
depths,1,2107
current,1,2108
multi-faceted,1,2109
variation.,1,2110
unsatifyingly,1,2111
mind),1,2112
violets,1,2113
violet-fragranced,1,2114
already.,1,2115
said).,1,2116
Â‘typical,1,2117
appealing,1,2118
guts,1,2119
yrs,1,2120
reduced,1,2121
unfamiliar,1,2122
hence,1,2123
purpose,1,2124
emerge,1,2125
briochey.,1,2126
temperature,1,2127
famous,1,2128
flawed.,1,2129
lemon,1,2130
fast.,1,2131
corky.,1,2132
sa,1,2133
carry,1,2134
superficially,1,2135
reason,1,2136
goes.,1,2137
bananas,1,2138
bread.,1,2139
this?,1,2140
"quieter,",1,2141
maume,1,2142
ogier,1,2143
"back,",1,2144
passing,1,2145
solera,1,2146
"flashiness,",1,2147
zingy,1,2148
"1996),",1,2149
yeast.,1,2150
charm,1,2151
"breeding),",1,2152
standards.,1,2153
slope.,1,2154
tjis,1,2155
sauternes,1,2156
paolo,1,2157
thatplague,1,2158
metallic/cardboard,1,2159
carillon's,1,2160
avoid,1,2161
spirity.,1,2162
champagnes.,1,2163
need:,1,2164
straight,1,2165
"rose-petals,",1,2166
international,1,2167
"bottles,",1,2168
crunchy,1,2169
austrere,1,2170
moving,1,2171
"bodied,",1,2172
abruptly.,1,2173
leaps,1,2174
gutless,1,2175
bite,1,2176
persistence.,1,2177
whites,1,2178
insight,1,2179
step,1,2180
power,1,2181
spectacularly,1,2182
ideal,1,2183
rapidly,1,2184
eiswein).,1,2185
"grapes,",1,2186
"others,",1,2187
christmas,1,2188
corn.,1,2189
genuine,1,2190
magnum,1,2191
icy,1,2192
twisty.,1,2193
lynch-bages,1,2194
(heavy,1,2195
"apricot,",1,2196
emerged,1,2197
"stony,",1,2198
stable,1,2199
depths.,1,2200
larose,1,2201
disgorgement,1,2202
"herby,",1,2203
world.,1,2204
fore.,1,2205
"underbrush,",1,2206
good.),1,2207
beat,1,2208
"point"".",1,2209
timescale,1,2210
"maybe,",1,2211
"stroganoff,",1,2212
suggesting,1,2213
noted,1,2214
sedimenty.,1,2215
unfair,1,2216
cranberry-edged,1,2217
measure,1,2218
cru.,1,2219
wachau,1,2220
along,1,2221
progress.,1,2222
rugate's,1,2223
"romanee,",1,2224
frangrant,1,2225
"and,",1,2226
cortese,1,2227
excitment,1,2228
outstanding.,1,2229
"claret"".",1,2230
apparantly,1,2231
underfoot,1,2232
"present,",1,2233
nonetheless.,1,2234
oxidative.,1,2235
poised,1,2236
naughtily,1,2237
tire.,1,2238
(with,1,2239
sous-bois,1,2240
though:,1,2241
(12.5%,1,2242
beers),1,2243
stoppered,1,2244
thrash,1,2245
site.,1,2246
appearing.,1,2247
struck,1,2248
fruit-driven,1,2249
bisol.,1,2250
"pineapple,",1,2251
ringer,1,2252
atlantic,1,2253
rotie.,1,2254
sweeter.,1,2255
meursuault,1,2256
"""no",1,2257
"chave,",1,2258
i'dlike,1,2259
felt,1,2260
rash,1,2261
marmaladey.,1,2262
startling,1,2263
scraping,1,2264
upstage,1,2265
persistant,1,2266
hour,1,2267
racks,1,2268
edinburgh,1,2269
faulty,1,2270
fruitcake.,1,2271
wrote,1,2272
mt,1,2273
maison,1,2274
city.,1,2275
crystals,1,2276
matches,1,2277
four-square,1,2278
think),1,2279
"enjoyable,",1,2280
"fruit-driven,",1,2281
period.,1,2282
oxidising.,1,2283
risky,1,2284
keeper.,1,2285
almondy,1,2286
sulphury.,1,2287
coincidence.,1,2288
stained,1,2289
yquem.,1,2290
greatest,1,2291
draw,1,2292
day).,1,2293
bordeaux-style,1,2294
centre,1,2295
shouting,1,2296
shortness,1,2297
similarly,1,2298
rthe,1,2299
"langhe,",1,2300
"finish,",1,2301
july,1,2302
"nv,",1,2303
combe,1,2304
15),1,2305
helpfully,1,2306
convinced.,1,2307
lynch-bages.,1,2308
qute,1,2309
"sherbert,",1,2310
rough,1,2311
oomph,1,2312
heavy-textured.,1,2313
like!,1,2314
"toast,",1,2315
combine,1,2316
badly.,1,2317
merlot,1,2318
animality.,1,2319
conventional,1,2320
crack,1,2321
average,1,2322
nondescript,1,2323
syndrome,1,2324
attenuated.,1,2325
decanted,1,2326
even),1,2327
ribolla.,1,2328
worldy.,1,2329
"ravishing,",1,2330
chassagnes.,1,2331
fun.,1,2332
oozing,1,2333
constructed.,1,2334
moet,1,2335
parmesan.,1,2336
"thought,",1,2337
"ways,",1,2338
stewed,1,2339
still),1,2340
"age),",1,2341
"texture,",1,2342
"score,",1,2343
heaviness,1,2344
colourless,1,2345
highly.,1,2346
hibiscus,1,2347
nectarine-kernel,1,2348
pricey,1,2349
described,1,2350
methode,1,2351
flavour,1,2352
thai,1,2353
"grenachey,",1,2354
vines.,1,2355
"zingy,",1,2356
half),1,2357
dusty,1,2358
"ry,",1,2359
two-third.,1,2360
licking,1,2361
plagues,1,2362
market.,1,2363
lose,1,2364
acidity).,1,2365
cranberry.,1,2366
said,1,2367
grivot.,1,2368
forthcoming.,1,2369
perfumed,1,2370
"light-bodied,",1,2371
variety:,1,2372
in-your-face,1,2373
botrytisy,1,2374
agreeable,1,2375
"nuts,",1,2376
cheeses',1,2377
strong.,1,2378
stirred,1,2379
ease,1,2380
'suitable,1,2381
cellars.,1,2382
hold,1,2383
engaging.,1,2384
vinegar.,1,2385
riesling.,1,2386
charming.,1,2387
live,1,2388
liquour,1,2389
purity.,1,2390
"declined,",1,2391
list,1,2392
fuees,1,2393
fading.,1,2394
dramatic,1,2395
curious.,1,2396
"dangerously,",1,2397
initial,1,2398
66.,1,2399
youngest,1,2400
pouilly.,1,2401
unnoticeable,1,2402
dinner,1,2403
extent),1,2404
luxurious.,1,2405
"touch,",1,2406
overawed,1,2407
ginger.,1,2408
fruit-cake,1,2409
attributed,1,2410
mouth,1,2411
they've,1,2412
"dosage,",1,2413
basis.,1,2414
transparent,1,2415
"deep,",1,2416
stronger,1,2417
meal.,1,2418
ozzie-like,1,2419
sterility,1,2420
"label),",1,2421
"almost,",1,2422
asian,1,2423
base,1,2424
"example,",1,2425
strangely,1,2426
breathing.,1,2427
fish,1,2428
-never,1,2429
worked,1,2430
nettle-like,1,2431
wine's,1,2432
calling,1,2433
literally.,1,2434
offers:,1,2435
tongue,1,2436
intense).,1,2437
bbq.,1,2438
"indeed,",1,2439
old).,1,2440
cases,1,2441
joke,1,2442
claim,1,2443
spirit,1,2444
work.,1,2445
foreboding,1,2446
awkward.,1,2447
apricots,1,2448
mean:,1,2449
"decent,",1,2450
muscat,1,2451
oaky.,1,2452
hell,1,2453
"vineyard""",1,2454
mouvedre,1,2455
bacon,1,2456
ratio,1,2457
(excessively,1,2458
"vineyard,",1,2459
gone.,1,2460
"""preferably",1,2461
montrose,1,2462
elegance.,1,2463
gc,1,2464
"91,",1,2465
boring).,1,2466
overblown.,1,2467
riesling!,1,2468
apparent.,1,2469
'96),1,2470
"vigne,",1,2471
"spain)"".",1,2472
up-curve.,1,2473
focused,1,2474
warm.,1,2475
orange.,1,2476
evenings.,1,2477
follows.,1,2478
melon.,1,2479
ambitious,1,2480
unusually,1,2481
textbook,1,2482
softness,1,2483
2001.,1,2484
rieslingy.,1,2485
zoo,1,2486
over-austere.,1,2487
isole,1,2488
high-oned,1,2489
went,1,2490
"density,",1,2491
year-old,1,2492
"89,90",1,2493
ratings,1,2494
youngish,1,2495
"stage),",1,2496
"minty,",1,2497
disjoint,1,2498
"me,",1,2499
dom,1,2500
muscular,1,2501
grips,1,2502
"tone,",1,2503
jaboulet,1,2504
"restrained,",1,2505
red-wine-like.,1,2506
miss,1,2507
wine!,1,2508
criticise.,1,2509
rose-garden,1,2510
advance,1,2511
brief,1,2512
oxidized,1,2513
yummy,1,2514
unfocussed,1,2515
barrique,1,2516
v,1,2517
overdone.,1,2518
remeniscent,1,2519
varnishy.,1,2520
"""properly"".",1,2521
farmyardy.,1,2522
thoroughly,1,2523
warm).,1,2524
effortlessly,1,2525
developing.,1,2526
ago(!),1,2527
"volatility,",1,2528
portugese,1,2529
blind.,1,2530
soave?,1,2531
"style,",1,2532
sniff,1,2533
toward,1,2534
damp,1,2535
well-made.,1,2536
"modern,",1,2537
grated,1,2538
flab.,1,2539
cover,1,2540
"""englishman's",1,2541
dl,1,2542
eyeing,1,2543
"voluptuous,",1,2544
dissipated,1,2545
illusion.,1,2546
suffered,1,2547
truffle,1,2548
gravner.,1,2549
outside,1,2550
woody.,1,2551
maderisation,1,2552
exceptional,1,2553
"flavour,",1,2554
robust.,1,2555
that.),1,2556
benchmark,1,2557
decadence.,1,2558
social,1,2559
noticeable,1,2560
"kind,",1,2561
(none,1,2562
tautness,1,2563
one-dimensional,1,2564
"2002,",1,2565
hay.,1,2566
particular,1,2567
jammy,1,2568
tasted(?),1,2569
amount,1,2570
"fwd,",1,2571
"acidic,",1,2572
"modern-styled,",1,2573
cellaring.,1,2574
supple,1,2575
flight).,1,2576
sugar,1,2577
madeira.,1,2578
garden,1,2579
entrance.,1,2580
"vincafe,",1,2581
guigal.,1,2582
feeding,1,2583
(an,1,2584
nosign,1,2585
ungainly,1,2586
example.,1,2587
latter.,1,2588
mood,1,2589
sage,1,2590
etheriel,1,2591
bottle).,1,2592
bigger.,1,2593
talento,1,2594
(carb.,1,2595
peel,1,2596
red.,1,2597
correctly.),1,2598
sees,1,2599
cinnamon,1,2600
easy?,1,2601
bordeaux-blend,1,2602
own.,1,2603
tuck,1,2604
point.),1,2605
"roundedness,",1,2606
cheeses,1,2607
sorting,1,2608
attempt,1,2609
then.,1,2610
rating,1,2611
chewy,1,2612
illuminate,1,2613
wondered,1,2614
characteristic,1,2615
htis,1,2616
"leathery,",1,2617
(dessert,1,2618
burnt),1,2619
cross,1,2620
pizzaz,1,2621
wonderful,1,2622
cleanly,1,2623
technically,1,2624
france,1,2625
necessarily,1,2626
weaker,1,2627
tropical,1,2628
seal,1,2629
resited,1,2630
"puligny,",1,2631
primary.,1,2632
unfashionable,1,2633
"guess,",1,2634
larger.,1,2635
strawberries.,1,2636
carefully,1,2637
combionation,1,2638
purchase,1,2639
consider,1,2640
amarone.,1,2641
believe),1,2642
'92,1,2643
plague,1,2644
"extent,",1,2645
evidence,1,2646
discussion.,1,2647
rhone-like,1,2648
brown.,1,2649
freezer,1,2650
will.,1,2651
"plums,",1,2652
overlooking,1,2653
drinkabe,1,2654
"quitelarge-framed,",1,2655
opinion,1,2656
lime.,1,2657
corky,1,2658
nowehere,1,2659
(slightly,1,2660
(sepcially,1,2661
cheaper),1,2662
of.,1,2663
coffee.,1,2664
billecart.,1,2665
higher-toned.,1,2666
overpriced.,1,2667
78.,1,2668
resinous,1,2669
"""fut",1,2670
revelation,1,2671
winery.,1,2672
"tea-nose,",1,2673
guessed,1,2674
ok.,1,2675
shouldn't,1,2676
"cake,",1,2677
taught,1,2678
ol-fashioned,1,2679
judged,1,2680
theme,1,2681
cheap,1,2682
back-label).,1,2683
fortunately,1,2684
sucessful,1,2685
pud,1,2686
suspicion,1,2687
ideal.,1,2688
"one,",1,2689
feared.,1,2690
brut.,1,2691
"(marzipan?),",1,2692
"coffee,",1,2693
"wax,",1,2694
magnums.,1,2695
century,1,2696
cassis.,1,2697
value.,1,2698
"hour,",1,2699
"tastes,",1,2700
chicken,1,2701
"poor,",1,2702
taut,1,2703
"""modern""",1,2704
"mainstream,",1,2705
"stewed,",1,2706
contrived.,1,2707
"almondy,",1,2708
raspberry.,1,2709
gruaud,1,2710
"opened,",1,2711
"rasins,",1,2712
aperetif),1,2713
splendidly,1,2714
"fragrantly,",1,2715
unstable.,1,2716
apart.,1,2717
rave,1,2718
abandoned.,1,2719
"food,",1,2720
shout,1,2721
forgotten,1,2722
admiring,1,2723
sampling,1,2724
"sauvage,",1,2725
sometime,1,2726
(domaine,1,2727
raisiny.,1,2728
unforced,1,2729
grudging,1,2730
scrutiny,1,2731
jacques),1,2732
including,1,2733
"""dolce""",1,2734
"varieties,",1,2735
"believe,",1,2736
"smokier,",1,2737
"excellent,",1,2738
underwhelming,1,2739
expands,1,2740
duff,1,2741
negatively,1,2742
us,1,2743
division.,1,2744
high-tonedness,1,2745
"through,",1,2746
allowed?),1,2747
"caramely,",1,2748
mostly,1,2749
'undrinkable',1,2750
macon.,1,2751
grenache-based,1,2752
syrah.,1,2753
sugar?,1,2754
"mousse,",1,2755
sensitive,1,2756
"satisfying,",1,2757
"trick,",1,2758
provencal,1,2759
"slate,",1,2760
strange,1,2761
so.,1,2762
decadent.,1,2763
constantly,1,2764
(if,1,2765
belnd,1,2766
un-rated,1,2767
rougher,1,2768
"depths,",1,2769
"succulence,",1,2770
vertical,1,2771
undrinkable.,1,2772
"berries,",1,2773
vv,1,2774
grenache:,1,2775
anywhere?,1,2776
smokey,1,2777
"1999,",1,2778
(1990,1,2779
head.,1,2780
super-exciting.,1,2781
"oversweet,",1,2782
variable).,1,2783
body-boarding,1,2784
rose-scented,1,2785
"top,",1,2786
reductive/sulphury.,1,2787
bash,1,2788
"light-coloured,",1,2789
advert,1,2790
semillon.,1,2791
"wine""",1,2792
breeding:,1,2793
ramonet's,1,2794
regarded,1,2795
"suppose,",1,2796
noirs.,1,2797
consortium,1,2798
weedy,1,2799
appears,1,2800
"course),",1,2801
improving.,1,2802
"barrel,",1,2803
corruption.,1,2804
provided,1,2805
our,1,2806
run.,1,2807
890.,1,2808
biscuity,1,2809
undemanding.,1,2810
slow-moving,1,2811
"cassis,",1,2812
filing,1,2813
blonde,1,2814
-in,1,2815
done.,1,2816
"influence,",1,2817
reserved,1,2818
meursault,1,2819
happened,1,2820
madeira,1,2821
madeira-like,1,2822
filhot.,1,2823
apples.,1,2824
96),1,2825
(they,1,2826
saying,1,2827
porty,1,2828
kernels,1,2829
m-c.,1,2830
handled),1,2831
intriguing.,1,2832
"sexy,",1,2833
"spicey,",1,2834
case.,1,2835
soft-drink,1,2836
perrieres.,1,2837
later),1,2838
"delicious,",1,2839
`perrin',1,2840
"lanolin,",1,2841
pale.,1,2842
guigal,1,2843
swimming,1,2844
"great,",1,2845
"lifted,",1,2846
satisfying.,1,2847
resolved.,1,2848
"presence,",1,2849
shipping.,1,2850
distinct,1,2851
though!,1,2852
authentic,1,2853
do.,1,2854
"quality,",1,2855
far-gone,1,2856
unremarkable.,1,2857
sample,1,2858
butter,1,2859
dilute.,1,2860
original,1,2861
"""a",1,2862
character:,1,2863
(see,1,2864
peachy.,1,2865
to.,1,2866
component.,1,2867
"everywhere,",1,2868
add,1,2869
ypon,1,2870
stuffing.,1,2871
nv.,1,2872
maintaining,1,2873
93/94/95,1,2874
backbone,1,2875
breathing,1,2876
take,1,2877
"done,",1,2878
"roses,",1,2879
peach-kernels.,1,2880
"showy,",1,2881
haut,1,2882
cask.,1,2883
bitterness:,1,2884
comparsion,1,2885
half-bottle.,1,2886
two:,1,2887
89.,1,2888
exhhuasted,1,2889
"estate,",1,2890
"""solera",1,2891
quaffing,1,2892
drinking:,1,2893
top-class,1,2894
paving,1,2895
"minerality,",1,2896
"sink,",1,2897
rollers.,1,2898
"gorgeous,",1,2899
"chestnut,",1,2900
citric.,1,2901
planky.,1,2902
musty,1,2903
reports.,1,2904
appetizing,1,2905
"fragrance,",1,2906
emerges.,1,2907
reasobale,1,2908
winemaker.,1,2909
abandons,1,2910
"superb,",1,2911
"winey,",1,2912
"piquant,",1,2913
cranberries.,1,2914
lazy,1,2915
suggestin,1,2916
nearly,1,2917
synthesis,1,2918
currently.,1,2919
contained,1,2920
mainstream.,1,2921
fill,1,2922
baked.,1,2923
tokaji,1,2924
noir,1,2925
toffee-fudge,1,2926
oxford,1,2927
direction:,1,2928
marketing,1,2929
yummy.,1,2930
table,1,2931
"whole,",1,2932
noise,1,2933
luxurious,1,2934
enjoyably,1,2935
similar.,1,2936
interpretation,1,2937
msr,1,2938
cellars,1,2939
"developing,",1,2940
toasty,1,2941
possibly.,1,2942
minerals.,1,2943
aromatic.,1,2944
kerosene,1,2945
oscillate,1,2946
struggle,1,2947
rheingau,1,2948
amazingly,1,2949
appelation.,1,2950
skin,1,2951
one.,1,2952
"hot,",1,2953
barton.,1,2954
(is,1,2955
wonder?,1,2956
"concentration,",1,2957
20.,1,2958
soften,1,2959
"probably,",1,2960
substantially,1,2961
individuality,1,2962
spring,1,2963
remember.,1,2964
unbalanced.,1,2965
lafarge.,1,2966
reverse,1,2967
consume,1,2968
decline.,1,2969
"is,",1,2970
sternness,1,2971
"flamboyant,",1,2972
barsac,1,2973
overnight.,1,2974
aetherial,1,2975
fruitier,1,2976
yeastiness.,1,2977
hour.,1,2978
"wines),",1,2979
corkiness,1,2980
amber,1,2981
expensive.,1,2982
nondescript.,1,2983
characteristically,1,2984
showy,1,2985
high-quality,1,2986
cartizze,1,2987
"on,",1,2988
fantastic:,1,2989
nicely-toned,1,2990
cigar-box,1,2991
"""benefit",1,2992
pencil-shaving,1,2993
"ago,",1,2994
becaus,1,2995
taxi,1,2996
improvement,1,2997
rawness,1,2998
rancio,1,2999
younger,1,3000
prematurely,1,3001
pools,1,3002
thick.,1,3003
(green,1,3004
"notes),",1,3005
alas,1,3006
full-bodied,1,3007
obscuring,1,3008
weediness,1,3009
11%,1,3010
pronounced.,1,3011
perhpas,1,3012
"grape,",1,3013
charm.,1,3014
"flabby,",1,3015
definitely,1,3016
"mouth,",1,3017
hard-to-place,1,3018
goat's,1,3019
gold,1,3020
gently,1,3021
dryness.,1,3022
conterno,1,3023
port!,1,3024
bold,1,3025
late,1,3026
oxidatively,1,3027
"decadent,",1,3028
"caramel,",1,3029
ja,1,3030
"persistent,",1,3031
"damage,",1,3032
degree.,1,3033
iwc,1,3034
explodes,1,3035
sweety,1,3036
cataloguing,1,3037
"sip,",1,3038
related.,1,3039
bottom-shoulder,1,3040
"almonds,",1,3041
excessively,1,3042
eccentric,1,3043
dies,1,3044
straw-like.,1,3045
"cashews,",1,3046
aromas.,1,3047
overwhelmed,1,3048
rully,1,3049
ordinary.,1,3050
impressed.,1,3051
sandrone's,1,3052
forgiving,1,3053
"disappointed,",1,3054
trophy,1,3055
grenache.,1,3056
violets.,1,3057
roda:,1,3058
wood-influenced.,1,3059
alta's,1,3060
"gravelly,",1,3061
oak?,1,3062
harking,1,3063
recommendable.,1,3064
believe).,1,3065
rhonish,1,3066
brion,1,3067
autolysis.,1,3068
lead,1,3069
slang).,1,3070
lifted.,1,3071
fruitcakey,1,3072
burgundy***(*),1,3073
glad,1,3074
concentrating,1,3075
major,1,3076
surprise,1,3077
apparently.,1,3078
capsule).,1,3079
sets,1,3080
"producer,",1,3081
feeling.,1,3082
"dusty,",1,3083
year).,1,3084
rioja.,1,3085
metaphorically,1,3086
study.,1,3087
"funky,",1,3088
set,1,3089
"also,",1,3090
stuffing,1,3091
"vinous,",1,3092
smoke.,1,3093
intellectually,1,3094
pauillac.,1,3095
currants,1,3096
"chardonnay,",1,3097
kabinet,1,3098
underpinning,1,3099
"bread,",1,3100
"whites,",1,3101
confected,1,3102
veg,1,3103
juicy.,1,3104
"are,",1,3105
fault.,1,3106
hight-toned,1,3107
better-textured.,1,3108
amontillado-like,1,3109
turkish,1,3110
gentaz,1,3111
front,1,3112
examples,1,3113
appley.,1,3114
oscillated,1,3115
doubts,1,3116
silky-testured,1,3117
overlying,1,3118
expects.,1,3119
lamaione,1,3120
firmly,1,3121
remains,1,3122
12.5%,1,3123
easy.,1,3124
mickey,1,3125
didn't.,1,3126
minor,1,3127
plausible,1,3128
watch,1,3129
disappointments.,1,3130
taken,1,3131
decant,1,3132
huet,1,3133
system,1,3134
"peaches,",1,3135
las,1,3136
ethereal,1,3137
ozzie,1,3138
puts,1,3139
anonymous,1,3140
edgyness.,1,3141
merging.,1,3142
daughter,1,3143
pinot-like.,1,3144
(new),1,3145
elegance?,1,3146
"""flatter"".",1,3147
worth.),1,3148
maderisation.,1,3149
tempier,1,3150
under-stated,1,3151
promoted,1,3152
web,1,3153
jobard,1,3154
pleasantish,1,3155
nonetheless,1,3156
"insubstantial,",1,3157
different.,1,3158
thick,1,3159
sort).,1,3160
unappetising,1,3161
overgenerous,1,3162
"does,",1,3163
"night,",1,3164
unfinished,1,3165
toffeed.,1,3166
go.,1,3167
blush,1,3168
melange,1,3169
unfortunately,1,3170
yuk!,1,3171
fwd,1,3172
sweetnes,1,3173
"winemakers,",1,3174
aging.,1,3175
rely,1,3176
greater,1,3177
"star,",1,3178
nibbles.,1,3179
(pleasant),1,3180
flashy.,1,3181
disease,1,3182
former,1,3183
apart,1,3184
mahogany,1,3185
defect,1,3186
comparsion.,1,3187
packing,1,3188
framework,1,3189
joyfully,1,3190
profusion.,1,3191
premier,1,3192
lives,1,3193
leafy.,1,3194
producer-style,1,3195
mistage,1,3196
tasted.,1,3197
hardness.,1,3198
larger,1,3199
"tobacco,",1,3200
cautious,1,3201
gorgeous,1,3202
pears,1,3203
sandrone.,1,3204
chocolate.,1,3205
seeping,1,3206
grigio,1,3207
spice.,1,3208
mine.,1,3209
cote-rotie.,1,3210
pepper),1,3211
square,1,3212
benefited,1,3213
producing,1,3214
colourless.,1,3215
"parker,",1,3216
dp,1,3217
curiosity,1,3218
inner,1,3219
controlled,1,3220
worries,1,3221
expression,1,3222
mushrooms.,1,3223
happen?,1,3224
dimension,1,3225
grape),1,3226
"syndrome,",1,3227
"dinner,",1,3228
coordinated,1,3229
convince,1,3230
comlexity,1,3231
fragranced,1,3232
effect,1,3233
under-rated,1,3234
marmalade.,1,3235
"elegany,",1,3236
doughy,1,3237
camphor,1,3238
tendency,1,3239
"bubbles,",1,3240
ablout,1,3241
further.,1,3242
exception.,1,3243
order).,1,3244
Â‘modern',1,3245
vegetarians,1,3246
pauillac,1,3247
hearty,1,3248
orange-rimmed,1,3249
miles,1,3250
colheita.,1,3251
conversation,1,3252
iselegan,1,3253
holds,1,3254
reflecting,1,3255
fragrant.,1,3256
fluid.,1,3257
volnay.,1,3258
wax,1,3259
ginger,1,3260
scored,1,3261
unpleasantly,1,3262
bottom,1,3263
obviously,1,3264
march,1,3265
"flab,",1,3266
(credit,1,3267
"resolved,",1,3268
combined,1,3269
grapefruit),1,3270
changes,1,3271
"personally,",1,3272
amber-edged,1,3273
breezes.,1,3274
resolves,1,3275
sandrone,1,3276
nosing,1,3277
vegetality.,1,3278
"another,",1,3279
'wonderful,1,3280
restrained.,1,3281
"sous-bois,",1,3282
hollower.,1,3283
conversation!,1,3284
individuality.,1,3285
remembered,1,3286
horrible.,1,3287
loved,1,3288
christmas-cake,1,3289
area.,1,3290
shortish,1,3291
underbrush.,1,3292
faded.,1,3293
hotel.,1,3294
idiosynchratic,1,3295
foetid,1,3296
berryish,1,3297
four-year-olds,1,3298
granular,1,3299
shifted,1,3300
peppery,1,3301
road,1,3302
dosage,1,3303
bottle's,1,3304
hopelessly,1,3305
well-bred.,1,3306
decades.,1,3307
during,1,3308
frothy,1,3309
lurked,1,3310
reminds,1,3311
capsule.,1,3312
"syrah,",1,3313
"coconut,",1,3314
finesse.,1,3315
animal,1,3316
fuit,1,3317
polished,1,3318
"gamy,mineral",1,3319
contribute,1,3320
tends,1,3321
grahams,1,3322
business:,1,3323
rim,1,3324
chassane,1,3325
feeble,1,3326
8%,1,3327
serving,1,3328
drama,1,3329
happily,1,3330
tropical-edged,1,3331
"standards,",1,3332
green-tinged,1,3333
inbetween,1,3334
bin-end,1,3335
meursaults,1,3336
direction.,1,3337
standing,1,3338
remotely,1,3339
wood.,1,3340
taint.,1,3341
debate,1,3342
passionate,1,3343
"blackcurranty,",1,3344
intensely,1,3345
hot.,1,3346
"remarked,",1,3347
here's,1,3348
coffee,1,3349
swirl,1,3350
chaumes,1,3351
"flatter,",1,3352
abruptly,1,3353
mellowed,1,3354
luxury,1,3355
later:,1,3356
characters.,1,3357
baseline,1,3358
type).,1,3359
eighties,1,3360
finished,1,3361
banana,1,3362
standards,1,3363
manzanilla,1,3364
informative,1,3365
riserva,1,3366
biscuits.,1,3367
generating,1,3368
suffering,1,3369
"moment,",1,3370
tin.,1,3371
enigma:,1,3372
attend,1,3373
shaped,1,3374
silkyily,1,3375
it:,1,3376
sangiovese,1,3377
weakening,1,3378
"notes,",1,3379
silex,1,3380
broader,1,3381
lines.,1,3382
kind,1,3383
(compared,1,3384
sulphury,1,3385
begining,1,3386
face,1,3387
"recently,",1,3388
blueberry,1,3389
cloudy,1,3390
passed,1,3391
exactly,1,3392
italian),1,3393
late-palate,1,3394
[sic].,1,3395
elusive,1,3396
enjoyed,1,3397
perignon,1,3398
flatter.,1,3399
well-defined.,1,3400
bring,1,3401
sensory,1,3402
dominate,1,3403
relationship,1,3404
ordinary,1,3405
fraiche,1,3406
tastes,1,3407
m.d.'s,1,3408
glimpses,1,3409
oily/keroseney,1,3410
extreme,1,3411
bigger,1,3412
holiday.,1,3413
accompanying,1,3414
brunello.,1,3415
smith,1,3416
niepoort.,1,3417
roses.,1,3418
hemisphere.,1,3419
achieve.,1,3420
"meursault,",1,3421
(disgorged,1,3422
launois,1,3423
penfold's,1,3424
"decanting,",1,3425
in-between,1,3426
times,1,3427
koonunga,1,3428
rieslong,1,3429
positively.,1,3430
domain.,1,3431
gosset,1,3432
le,1,3433
rieussec.,1,3434
allowed,1,3435
"graceful,",1,3436
"day,",1,3437
surprising,1,3438
versus,1,3439
pick,1,3440
fishy-metallic,1,3441
candied(?),1,3442
hopefully,1,3443
dreaded,1,3444
breath,1,3445
compartments,1,3446
waste,1,3447
grapey.,1,3448
easily.,1,3449
right?,1,3450
exceptional.,1,3451
amontillado,1,3452
shorter,1,3453
grippy.,1,3454
pushing,1,3455
luncheon,1,3456
autolytic.,1,3457
pencil,1,3458
group,1,3459
(probably),1,3460
hedonistic.,1,3461
ancient-looking,1,3462
particularly.,1,3463
remains.,1,3464
"chunky,",1,3465
distinction.,1,3466
picquant,1,3467
non-burgundian,1,3468
tarted,1,3469
use.,1,3470
"fresher,",1,3471
young-seeming.,1,3472
"tasting,",1,3473
herby.,1,3474
approaches,1,3475
work,1,3476
lovable.,1,3477
nodding,1,3478
spent,1,3479
"experiment,",1,3480
"nuttyness,",1,3481
"marmalade,",1,3482
overlay,1,3483
infants.,1,3484
ageworthy.,1,3485
(my,1,3486
fwd).,1,3487
dry),1,3488
coliseo,1,3489
friend,1,3490
order,1,3491
ice-cream.,1,3492
purchased,1,3493
"cod,",1,3494
emilion,1,3495
pfalzy,1,3496
streak,1,3497
appealing.,1,3498
butterscotch.,1,3499
half.),1,3500
grapes).,1,3501
well-structured.,1,3502
through).,1,3503
"corruption,",1,3504
gravner,1,3505
muscaty,1,3506
nuttyness.,1,3507
cedar,1,3508
undrinkability.,1,3509
presence,1,3510
"salty,",1,3511
"subdued,",1,3512
"always,",1,3513
bottle?,1,3514
"grace,",1,3515
taste.,1,3516
"drinking,",1,3517
exciting.,1,3518
nightmare,1,3519
replacement,1,3520
deeper,1,3521
rowdy,1,3522
"side,",1,3523
stylistic,1,3524
"12%,",1,3525
"gravner,",1,3526
suggestions,1,3527
juniper/gin,1,3528
do).,1,3529
development,1,3530
distinction,1,3531
"flavours,",1,3532
"quiet,",1,3533
(of,1,3534
vecchia,1,3535
unassuming.,1,3536
oxiidative,1,3537
"dishes,",1,3538
syrah-like,1,3539
subjected,1,3540
everywhere,1,3541
masculine.,1,3542
treat,1,3543
pudding,1,3544
finds,1,3545
"emilion,",1,3546
look.,1,3547
tinge,1,3548
champenois,1,3549
back-up,1,3550
box,1,3551
'win',1,3552
champaux.,1,3553
macon-with-bubbles,1,3554
twenty-year-old,1,3555
r.p.,1,3556
suppose).,1,3557
food),1,3558
sweetly,1,3559
mint,1,3560
nine,1,3561
"harsh,",1,3562
have.,1,3563
"leather,",1,3564
tells.,1,3565
blueberry-raspberry,1,3566
"smooth,",1,3567
"youthful,",1,3568
self,1,3569
result,1,3570
"""beyond-fruit""",1,3571
ice-cream,1,3572
filling,1,3573
warm-vintage.,1,3574
"oak,",1,3575
coarsened,1,3576
souuthern-french,1,3577
sucks,1,3578
"irony,",1,3579
(white,1,3580
element,1,3581
outrageously,1,3582
(obviously,1,3583
terms.,1,3584
low-acid,1,3585
refreshing,1,3586
passito,1,3587
eldeflower.,1,3588
5%,1,3589
factors,1,3590
sundays.,1,3591
delayed,1,3592
"riper,",1,3593
chateauneuf,1,3594
"oldish,",1,3595
nicely:,1,3596
off?,1,3597
"wood-influenced,",1,3598
makings,1,3599
scentedness,1,3600
competition.,1,3601
confusion,1,3602
cleared,1,3603
tropically,1,3604
well-defined,1,3605
poor.,1,3606
"browny,",1,3607
toby's,1,3608
c-r,1,3609
assessable.,1,3610
barrels,1,3611
"sancerre,",1,3612
scented,1,3613
tangerine,1,3614
found.,1,3615
lighter.,1,3616
here.,1,3617
"easy,light.",1,3618
"alive,",1,3619
lignier,1,3620
consequently,1,3621
colombier,1,3622
gamay,1,3623
flavoursome,1,3624
contributor,1,3625
way).,1,3626
juiciness,1,3627
bolly.,1,3628
diffuse,1,3629
tastes.,1,3630
impressionistic.,1,3631
do:,1,3632
shoe-polish.,1,3633
needed,1,3634
corner,1,3635
let,1,3636
allowing,1,3637
bad),1,3638
fragile,1,3639
undertones.,1,3640
superficial,1,3641
deliciously,1,3642
intrusive,1,3643
98.,1,3644
"end,",1,3645
"cigar-box,",1,3646
bacchus,1,3647
"sugary,",1,3648
1990s,1,3649
year.,1,3650
vinous.,1,3651
chunky.,1,3652
disjointed.,1,3653
many.,1,3654
deep-coloured,1,3655
chambolle.,1,3656
crystalline,1,3657
ten,1,3658
has),1,3659
everybody,1,3660
p-m).,1,3661
well-balanced.,1,3662
paper,1,3663
lasting,1,3664
"dairy,",1,3665
minerals,1,3666
hoped,1,3667
colheitas,1,3668
bunch,1,3669
gpl.,1,3670
waiting,1,3671
"mentholy,",1,3672
keroseney,1,3673
surprise),1,3674
idiosyncratic,1,3675
opposed,1,3676
2002.,1,3677
favourite,1,3678
deeper.,1,3679
(to,1,3680
"cough-sweets,",1,3681
cambridge,1,3682
fault,1,3683
va-va-voom,1,3684
hoped.,1,3685
are.,1,3686
granny,1,3687
aromas,1,3688
lunchtime,1,3689
myself,1,3690
"grapefruit,",1,3691
"riesling,",1,3692
held,1,3693
harshness,1,3694
"similar,",1,3695
fear.,1,3696
buttery,1,3697
"cloudy,",1,3698
stages,1,3699
"authentic,",1,3700
pleasure.,1,3701
inferior,1,3702
"yet,",1,3703
effects,1,3704
today,1,3705
10th,1,3706
ravishingly,1,3707
stony.,1,3708
edges.,1,3709
lemon.,1,3710
unripe,1,3711
minerality;,1,3712
"enjoyed,",1,3713
tempranillo.,1,3714
"back,drink",1,3715
drink:,1,3716
rough.,1,3717
"variable,",1,3718
dry-cleaning,1,3719
verging,1,3720
tainted,1,3721
vineyards.,1,3722
life,1,3723
byo,1,3724
drining,1,3725
"sound,",1,3726
"off-dry,",1,3727
talbot,1,3728
beneficial.,1,3729
(bovril),1,3730
"fruitier,",1,3731
centotre,1,3732
cleans,1,3733
public,1,3734
tastebuds.,1,3735
when.,1,3736
stop,1,3737
supposedly,1,3738
kernel,1,3739
jam,1,3740
(say),1,3741
pineappley,1,3742
precise,1,3743
combining,1,3744
stand,1,3745
apricoty,1,3746
seems.,1,3747
established,1,3748
woodiness,1,3749
sourness.,1,3750
evolution.,1,3751
"selection,",1,3752
grippier,1,3753
crystaline,1,3754
crisp,1,3755
sacrificing,1,3756
extravagent,1,3757
"minerals,",1,3758
(someone,1,3759
stage.,1,3760
grown-up's,1,3761
coarseness,1,3762
argentina,1,3763
veg.,1,3764
juicy,1,3765
edge!,1,3766
awkwardly,1,3767
frightening.,1,3768
05's,1,3769
"""cooked"".",1,3770
doing,1,3771
flattered,1,3772
studied,1,3773
aren't,1,3774
remarked,1,3775
alleviate.,1,3776
conservative,1,3777
etc,1,3778
"barriques,",1,3779
served.,1,3780
english,1,3781
lasts,1,3782
treacle,1,3783
manifestation,1,3784
embarrassing,1,3785
challenging,1,3786
astringent.,1,3787
pol,1,3788
unknit,1,3789
varied,1,3790
"job,",1,3791
muscatel,1,3792
charcteristic,1,3793
concerned,1,3794
drag,1,3795
turned,1,3796
'an,1,3797
creaminess,1,3798
valvona's,1,3799
rose-hips.,1,3800
2003).,1,3801
richly,1,3802
pulignyish.,1,3803
alive,1,3804
chilli,1,3805
"labelling,",1,3806
gutsiness.,1,3807
problem,1,3808
night),1,3809
(breaking,1,3810
statement,1,3811
rayas,1,3812
bizarre,1,3813
farmyard.,1,3814
ravishing,1,3815
decadent,1,3816
spices,1,3817
throat,1,3818
warm-climate-like,1,3819
caught,1,3820
over-old,1,3821
repays,1,3822
fail,1,3823
sips,1,3824
chianti.,1,3825
well-structured,1,3826
mmore,1,3827
attenuated,1,3828
refreshing.,1,3829
cranberry,1,3830
profound.,1,3831
honey-influenced,1,3832
cedaryness,1,3833
"hand,",1,3834
"marzipan,",1,3835
weren't,1,3836
ceparello.,1,3837
"outgoing,",1,3838
expectations,1,3839
manage,1,3840
doubt,1,3841
04.,1,3842
written,1,3843
jsut,1,3844
metallic,1,3845
"gums,",1,3846
orchard,1,3847
manages,1,3848
sulphur.,1,3849
"""poxy",1,3850
</ul>,1,3851
"tautness,",1,3852
perret,1,3853
fourrier,1,3854
piney,1,3855
bon,1,3856
"picquant,",1,3857
"zinfandels,",1,3858
flat-textured.,1,3859
"relaxed,",1,3860
blanched,1,3861
notice,1,3862
mac.?).,1,3863
loses,1,3864
presumably,1,3865
tiring.,1,3866
spoils,1,3867
assistants,1,3868
dry-seeming,1,3869
broadbent,1,3870
cork?,1,3871
banana-like,1,3872
sediment.,1,3873
backwards,1,3874
cream.,1,3875
"oily,",1,3876
polished.,1,3877
surfing,1,3878
north,1,3879
"darker,",1,3880
chance.,1,3881
yeasty.,1,3882
flowers,1,3883
success.,1,3884
followed.,1,3885
fist,1,3886
1850's,1,3887
finely,1,3888
below).,1,3889
shapliness,1,3890
south,1,3891
"village,",1,3892
"difficult,",1,3893
"""flat""",1,3894
canbe,1,3895
weightiness,1,3896
begin,1,3897
halkin,1,3898
says).,1,3899
occasional,1,3900
"alas,",1,3901
tangy,1,3902
charcter,1,3903
grass,1,3904
mesnil,1,3905
mature.,1,3906
trouble,1,3907
terroir-driven.,1,3908
flight,1,3909
plumns,1,3910
month,1,3911
awkwardness.,1,3912
tenner.,1,3913
grotesque,1,3914
situations,1,3915
"oh,",1,3916
"lamaione),",1,3917
flab,1,3918
majorca,1,3919
italy,1,3920
faulty.,1,3921
green-ness.,1,3922
fruitier.,1,3923
"co2,",1,3924
seeming,1,3925
walnut,1,3926
"cherry,",1,3927
ambitious.,1,3928
searing,1,3929
believe,1,3930
distinguished,1,3931
"off,",1,3932
reason).,1,3933
berries,1,3934
oak-influenced.,1,3935
cos,1,3936
pleasnat,1,3937
"flashy,",1,3938
minus,1,3939
stretch,1,3940
"finer,",1,3941
hurried.,1,3942
maceration,1,3943
chatracter,1,3944
blackcurrant.,1,3945
port.,1,3946
"late,",1,3947
"engaging,",1,3948
seven,1,3949
seriously.,1,3950
gorgeously,1,3951
champagne!,1,3952
interestingly,1,3953
backbone.,1,3954
failed,1,3955
"sad,",1,3956
expects,1,3957
mixture.,1,3958
whites!,1,3959
"cigary,",1,3960
african!,1,3961
indifferent,1,3962
advertised,1,3963
"meatier,",1,3964
simpler,1,3965
mushroomyness,1,3966
marchi,1,3967
expanded,1,3968
ways.,1,3969
"burgundy""",1,3970
method,1,3971
trademark,1,3972
"acacia,",1,3973
lower,1,3974
fundamentally,1,3975
losing,1,3976
"ever),",1,3977
charmingly,1,3978
weak,1,3979
"lemony,",1,3980
closed?,1,3981
caramel,1,3982
rhones!,1,3983
heard,1,3984
"backward,",1,3985
"flowery,",1,3986
is:,1,3987
alsace,1,3988
critical,1,3989
indeed,1,3990
"buy,",1,3991
indication,1,3992
95%,1,3993
passion,1,3994
"rather,",1,3995
"somewhere,",1,3996
keeper,1,3997
slavours.,1,3998
old-style,1,3999
"game,",1,4000
eve).,1,4001
vulgar.,1,4002
tremendous,1,4003
chassagne-like.,1,4004
up-and-down,1,4005
pushed,1,4006
wants,1,4007
sterile,1,4008
"unpleasant,",1,4009
"best,",1,4010
glimpse,1,4011
produced,1,4012
warmed,1,4013
write,1,4014
almonds.,1,4015
butter.,1,4016
monastry,1,4017
spice,1,4018
oaked.,1,4019
coloured.,1,4020
"peel,",1,4021
june,1,4022
hazelnuts.,1,4023
"oak""",1,4024
decently,1,4025
coarse-textured,1,4026
butterscotch,1,4027
"prawns),",1,4028
lychee,1,4029
"cotes-du-rhone,",1,4030
-i'd,1,4031
1-dimensional.,1,4032
typing,1,4033
"class,",1,4034
jumps,1,4035
"ever,",1,4036
has.,1,4037
austrian,1,4038
selection,1,4039
cherry.,1,4040
"vintage),",1,4041
planeta,1,4042
"strawberries,",1,4043
"currently,",1,4044
ambivalent,1,4045
blanced,1,4046
surprised.,1,4047
"bass,",1,4048
"summery,",1,4049
mouse,1,4050
preparation,1,4051
means,1,4052
crianza.,1,4053
nebbiolo.,1,4054
oven,1,4055
summer's,1,4056
"green-rimmed,",1,4057
"leaner,",1,4058
so).,1,4059
"chene""",1,4060
redolent,1,4061
coconut,1,4062
touch),1,4063
alongside,1,4064
"richness,",1,4065
retained,1,4066
labels,1,4067
"(ok,",1,4068
under,1,4069
one),1,4070
trocken,1,4071
develops.,1,4072
"sweeter,",1,4073
"although,",1,4074
packed,1,4075
afterwards.,1,4076
93+94+95,1,4077
barriques.,1,4078
itself.,1,4079
"influenced,",1,4080
midweek,1,4081
"oxidation,",1,4082
about),1,4083
know.,1,4084
"flabbier,",1,4085
auxey.,1,4086
"talbot,",1,4087
marks,1,4088
rushing.,1,4089
suggestion,1,4090
6.5%,1,4091
creamy-textured,1,4092
"integrated,",1,4093
tha,1,4094
varying,1,4095
7:2:1.,1,4096
"strong,",1,4097
tuned,1,4098
putting,1,4099
intriguing,1,4100
shot,1,4101
dropped,1,4102
(before,1,4103
chileans.,1,4104
hill,1,4105
darker,1,4106
"doubt""",1,4107
vaish,1,4108
light-medium,1,4109
tannin,1,4110
clarets,1,4111
whatever.,1,4112
me!',1,4113
free,1,4114
(2001,1,4115
aspect,1,4116
muchover,1,4117
new-wave,1,4118
trimbach,1,4119
family,1,4120
"overnight,",1,4121
leather.,1,4122
"simple,",1,4123
"advanced,",1,4124
"half,",1,4125
today!,1,4126
tiny,1,4127
barnyard',1,4128
rotting.,1,4129
funny,1,4130
over-charred,1,4131
(macon).,1,4132
halves,1,4133
knowing,1,4134
sip,1,4135
international.,1,4136
disappeared!,1,4137
aux,1,4138
sherry.,1,4139
toasted,1,4140
suspiciously,1,4141
"aniseed,",1,4142
jasmin,1,4143
cakey,1,4144
classic-style,1,4145
laid,1,4146
(magnum),1,4147
approximate,1,4148
long-haul,1,4149
all.,1,4150
81.,1,4151
golden,1,4152
oloroso-like,1,4153
undescribable,1,4154
barbera,1,4155
decent.,1,4156
redcurrant,1,4157
substandard,1,4158
imagine,1,4159
flamboyant,1,4160
guess.),1,4161
prickle,1,4162
unflawed,1,4163
untravelled,1,4164
welcome,1,4165
"though,",1,4166
enigma,1,4167
"(meunier,",1,4168
domaine,1,4169
intense),1,4170
"metallic,",1,4171
controversy,1,4172
"cassisy,",1,4173
running,1,4174
point).,1,4175
resolved),1,4176
likes,1,4177
thawed,1,4178
chatting,1,4179
vegans'.,1,4180
excitement,1,4181
banana.,1,4182
middle-weight,1,4183
fraiche),1,4184
ancient,1,4185
barolo.,1,4186
"waxy,",1,4187
uninspiring.,1,4188
merlot-style,1,4189
cofee,1,4190
dirtiness/stalkiness,1,4191
preferred,1,4192
deceptively,1,4193
bargain,1,4194
"stage,",1,4195
birthday.,1,4196
vibrancy.,1,4197
host,1,4198
label.,1,4199
fan,1,4200
gevrey's.,1,4201
wonderful.,1,4202
moins,1,4203
hand.,1,4204
writing,1,4205
"krug,",1,4206
(it's,1,4207
almost.,1,4208
"""if",1,4209
notr,1,4210
new-oak,1,4211
helping,1,4212
94.,1,4213
softy,1,4214
austerely,1,4215
estate,1,4216
slabs,1,4217
"appley,",1,4218
billing.,1,4219
"typical,",1,4220
"""single",1,4221
"trying,",1,4222
co2,1,4223
deftness,1,4224
chapelle.,1,4225
ask,1,4226
"rancio,",1,4227
sound,1,4228
dramatically,1,4229
"biscuity,",1,4230
rubbery.,1,4231
well?,1,4232
